Description,Amount,Category,Transaction Date
SP CLEARSTEM SKINCAR,70.71,Misc,2023-12-30
TARGET        00010454,119.95,Target,2023-12-29
TARGET        00010454,3.18,Target,2023-12-29
TARGET        00010454,34.96,Target,2023-12-29
ROYALFARMS #34,37.41,Misc,2023-12-28
TST* KECCOS NEAPOLITAN W,115.26,Misc,2023-12-29
HEALTHY PAWS PET INSURAN,91.32,Misc,2023-12-28
APPLE.COM/BILL,2.99,Misc,2023-12-28
PANERA BREAD #203782 P,34.17,Dining,2023-12-27
SP EQUIP,43.99,Misc,2023-12-28
WEGMANS OWINGS MILLS #125,318.35,Groceries,2023-12-27
TRACTOR-SUPPLY-CO #0282,10.59,Misc,2023-12-24
THE WINE POST,83.62,Groceries,2023-12-26
SANTONI'S MARKET,47.07,Groceries,2023-12-26
SANTONI'S MARKET,13.95,Groceries,2023-12-26
TRACTOR SUPPLY CO #5509,10.59,Misc,2023-12-24
TRAVEL INSURED INTERNA,250.00,Misc,2023-12-23
WEIS MARKETS INC 29,20.71,Groceries,2023-12-24
GLYNDON GRILL,57.24,Misc,2023-12-21
WALGREENS #19129,0.83,Misc,2023-12-21
SANTONI'S MARKET,21.14,Groceries,2023-12-21
SANTONI'S MARKET,11.29,Groceries,2023-12-21
DRIVEEZMD MPC,12.00,Misc,2023-12-20
USPS PO 2376500336,3.00,Misc,2023-12-21
WALGREENS #19129,26.70,Misc,2023-12-21
BLACK EYED SUSAN GIFT,26.50,Misc,2023-12-21
TARGET        00010454,29.24,Target,2023-12-21
WEGMANS OWINGS MILLS #125,625.64,Groceries,2023-12-19
CAPITAL ONE MOBILE PYMT,-987.39,Misc,2023-12-19
RING YEARLY PLAN,79.98,Misc,2023-12-18
SANTONI'S MARKET,75.58,Groceries,2023-12-17
SQ *MILK & HONEY,82.88,Misc,2023-12-16
SQ *BEN & JERRY'S DISTRIC,28.14,Misc,2023-12-15
DUNKIN #340804 Q35,5.00,Misc,2023-12-14
WALGREENS #19129,6.66,Misc,2023-12-14
THE REISTER`S DAUGHTER CO,50.00,Misc,2023-12-14
TARGET        00010454,76.80,Target,2023-12-14
SQ *AMERICAN ICE CO. CAFE,18.89,Misc,2023-12-13
WEGMANS OWINGS MILLS #125,336.04,Groceries,2023-12-12
TARGET.COM  *,45.68,Target,2023-12-12
TARGET.COM  *,26.50,Target,2023-12-12
TARGET.COM  *,7.42,Target,2023-12-11
CAPITAL ONE MOBILE PYMT,-2957.00,Misc,2023-12-11
JIFFY MART SMO 1700,36.79,Misc,2023-12-09
ROYALFARMS #34,29.61,Misc,2023-12-07
CHICK-FIL-A #03678,28.96,Dining,2023-12-07
ATLANTIC BLUE WATER SERVI,293.00,Misc,2023-12-08
SHOE ORTHODONTICS,3944.40,Misc,2023-12-06
FLITE TEST,15.76,Misc,2023-12-06
WEGMANS OWINGS MILLS #125,482.20,Groceries,2023-12-05
TARGET        00010454,49.22,Target,2023-12-04
TARGET        00010454,-37.07,Target,2023-12-04
SANTONI'S MARKET,38.28,Groceries,2023-12-03
VORTEX BREWING CO,107.70,Misc,2023-12-02
SQ *NORTHERN CENTRAL RAIL,6.35,Misc,2023-12-02
WAL-MART #2436,75.11,Misc,2023-12-01
GIANT 0322,5.38,Misc,2023-12-01
CAPITAL ONE MOBILE PYMT,-2752.16,Misc,2023-11-30
PRINTIFY.COM,14.92,Misc,2023-11-29
TARGET.COM  *,48.25,Target,2023-11-29
TARGET        00010454,178.05,Target,2023-11-29
TARGET        00010454,-29.48,Target,2023-11-29
WEGMANS OWINGS MILLS #125,395.20,Groceries,2023-11-28
ROYALFARMS #34,40.03,Misc,2023-11-27
HEALTHY PAWS PET INSURAN,66.06,Misc,2023-11-28
APPLE.COM/BILL,2.99,Misc,2023-11-28
IN *ORGANIC LAWNS OF AMER,229.00,Misc,2023-11-27
SHEETZ 0698   00006981,35.89,Misc,2023-11-26
HOLIDAY INN EXPRESS & SU,228.10,Misc,2023-11-26
THE ROXBURY DINER,51.42,Misc,2023-11-26
TARGET.COM  *,17.98,Target,2023-11-26
CVS/PHARMACY #05065,10.48,Misc,2023-11-25
ROYALFARMS #34,34.07,Misc,2023-11-24
QDOBA 2434,45.26,Dining,2023-11-24
CAPITAL ONE MOBILE PYMT,-4000.00,Misc,2023-11-24
KOHL'S #0491,-31.79,Misc,2023-11-22
TARGET.COM  *,40.81,Target,2023-11-23
BEAUTYCOUNTER,135.77,Misc,2023-11-23
FIVE BELOW 229,10.87,Misc,2023-11-21
DNDBEYOND.CODDB CONTE,38.14,Misc,2023-11-22
TARGET.COM  *,166.94,Target,2023-11-20
WEGMANS OWINGS MILLS #125,304.05,Groceries,2023-11-20
TARGET.COM  *,69.94,Target,2023-11-20
SANTONI'S MARKET,46.29,Groceries,2023-11-20
WWW.KOHLS.COM #0873,9.00,Misc,2023-11-19
TARGET.COM  *,198.27,Target,2023-11-19
SP STONELANTERN,39.90,Misc,2023-11-19
SANTONI'S MARKET,14.27,Groceries,2023-11-18
THE WINE POST,26.14,Groceries,2023-11-18
SONNY LEE'S HUNAN TASTE,56.66,Misc,2023-11-15
WWW.KOHLS.COM #0873,83.09,Misc,2023-11-14
WEGMANS OWINGS MILLS #125,253.44,Groceries,2023-11-14
ORIGINAL WORKS YOURS INC,21.89,Misc,2023-11-14
CHICK-FIL-A #02928,60.27,Dining,2023-11-13
GREAT WOLF LODGE PERRY,77.13,Misc,2023-11-13
GREAT WOLF LODGE PERRY,72.04,Misc,2023-11-12
7-ELEVEN 32785,31.29,Misc,2023-11-11
Disney Plus,148.40,Misc,2023-11-12
GOPOD MOBILE PURCHASE,18.00,Misc,2023-11-12
WAL-MART #2436,-51.90,Misc,2023-11-10
TARGET        00010454,-14.84,Target,2023-11-10
TARGET        00010454,93.76,Target,2023-11-10
LOWES #03388*,233.59,Home_Supplies,2023-11-10
OLO 142 Owings Mills,26.36,Misc,2023-11-10
WEIS MARKETS INC 29,16.68,Groceries,2023-11-09
STARBUCKS STORE 02858,6.31,Dining,2023-11-08
ROYALFARMS #34,40.45,Misc,2023-11-08
TST* Gourmet Girls - Old,21.15,Misc,2023-11-08
OLD NAVY ON-LINE,-28.90,Misc,2023-11-07
TARGET.COM  *,13.13,Target,2023-11-07
WEGMANS OWINGS MILLS #125,479.36,Groceries,2023-11-07
TARGET.COM  *,-18.01,Target,2023-11-07
TARGET        00010454,-93.69,Target,2023-11-07
WALMART.COM,23.32,Misc,2023-11-07
WAL-MART #2436,199.94,Misc,2023-11-06
TARGET.COM  *,72.06,Target,2023-11-06
CHICK-FIL-A #03678,44.26,Dining,2023-11-04
TARGET.COM  *,79.17,Target,2023-11-05
LOWES #00907*,221.93,Home_Supplies,2023-11-04
SP CLEARSTEM SKINCAR,42.31,Misc,2023-11-04
LOWES #03388*,113.39,Home_Supplies,2023-11-04
FH* NORTHERN CENTRAL R,274.86,Misc,2023-11-04
WEIS MARKETS INC 29,30.08,Groceries,2023-11-03
WEIS MARKETS INC 29,26.98,Groceries,2023-11-02
WEGMANS OWINGS MILLS #125,-9.99,Groceries,2023-10-31
WEGMANS OWINGS MILLS #125,372.71,Groceries,2023-10-31
ROYALFARMS #34,45.98,Misc,2023-10-30
LOWES #03388*,58.59,Home_Supplies,2023-10-31
"SHUTTERFLY, INC.",119.97,Misc,2023-10-30
EXXON CRYSTAL CITY,15.84,Misc,2023-10-30
SANTONI'S MARKET,51.37,Groceries,2023-10-29
CHICK-FIL-A #02103,28.04,Dining,2023-10-28
HEALTHY PAWS PET INSURAN,66.06,Misc,2023-10-28
PETCO 1715,104.97,Misc,2023-10-28
APPLE.COM/BILL,2.99,Misc,2023-10-28
CAPITAL ONE MOBILE PYMT,-3500.00,Misc,2023-10-28
TARGET.COM  *,54.89,Target,2023-10-27
IN *A TOUCH OF BRASS,1226.00,Misc,2023-10-26
THE HOME DEPOT #2507,23.73,Home_Supplies,2023-10-25
THE HOME DEPOT #2507,-27.52,Home_Supplies,2023-10-25
TST* Maiwand Grill Baltim,15.72,Misc,2023-10-24
S-* DONATION NYC MARAT,-50.00,Misc,2023-10-25
WEGMANS OWINGS MILLS #125,395.02,Groceries,2023-10-24
SQ *FACILITY CONCESSION S,5.30,Misc,2023-10-24
ROCK TOPS FABRICATION LL,1358.72,Misc,2023-10-24
MLT (SCHOOL),31.79,Misc,2023-10-22
CVS/PHARMACY #04030,23.49,Misc,2023-10-22
SANTONI'S MARKET,60.35,Groceries,2023-10-22
TARGET        00010454,16.95,Target,2023-10-22
CHICK-FIL-A #03678,44.54,Dining,2023-10-20
SQ *BAUGHER'S ORCHARD MAR,33.10,Misc,2023-10-21
SQ *BAUGHER'S ORCHARD MAR,8.00,Misc,2023-10-21
SQ *BAUGHER'S ORCHARD MAR,73.00,Misc,2023-10-21
S-* DONATION NYC MARAT,53.50,Misc,2023-10-21
S-* DONATION NYC MARAT,53.50,Misc,2023-10-21
IN *ORGANIC LAWNS OF AMER,229.00,Misc,2023-10-20
THE HOME DEPOT #2507,112.12,Home_Supplies,2023-10-19
TREERING,43.77,Misc,2023-10-19
PARTY CITY 1090,97.84,Misc,2023-10-18
SANTONI'S MARKET,30.61,Groceries,2023-10-19
TARGET        00010454,39.00,Target,2023-10-18
THE REISTERSTOWN LUMBER,102.08,Misc,2023-10-18
WEGMANS OWINGS MILLS #125,424.69,Groceries,2023-10-17
CAPITAL ONE MOBILE PYMT,-3509.81,Misc,2023-10-17
SQ *THE COW,17.40,Misc,2023-10-16
LEDO PIZZA OWINGS MILLS,38.66,Misc,2023-10-15
AUTOZONE #3468,77.35,Misc,2023-10-15
TST* Iron Rooster Hunt Va,110.81,Misc,2023-10-14
LOWES #00907*,28.58,Home_Supplies,2023-10-14
LOWES #03388*,90.17,Home_Supplies,2023-10-14
TARGET.COM  *,71.33,Target,2023-10-13
SQ *THE SALON ON MAIN,60.00,Misc,2023-10-13
SANTONI'S MARKET,13.78,Groceries,2023-10-13
THE WINE POST,96.96,Groceries,2023-10-13
ANDY NELSONS BBQ RESTAURA,15.20,Misc,2023-10-11
USPS PO 2376500336,13.20,Misc,2023-10-11
USPS PO 2376500336,39.60,Misc,2023-10-11
ROYALFARMS #34,39.90,Misc,2023-10-10
WEGMANS OWINGS MILLS #125,338.37,Groceries,2023-10-10
TARGET        00010454,107.85,Target,2023-10-09
GLYNDON GRILL,36.04,Misc,2023-10-07
TARGET.COM  *,25.96,Target,2023-10-07
TARGET.COM  *,32.86,Target,2023-10-07
TARGET.COM  *,14.83,Target,2023-10-07
SANTONI'S MARKET,10.58,Groceries,2023-10-07
OLD NAVY ON-LINE,117.53,Misc,2023-10-04
MLT (SCHOOL),31.79,Misc,2023-10-04
SANTONI'S MARKET,49.63,Groceries,2023-10-03
WEGMANS OWINGS MILLS #125,340.96,Groceries,2023-10-03
SP EQUIP,101.22,Misc,2023-10-03
TARGET.COM  *,24.37,Target,2023-10-02
SONNY LEE'S HUNAN TASTE,68.37,Misc,2023-10-01
Etsy.com*NYMDinspired,0.20,Misc,2023-10-01
TARGET.COM  *,6.02,Target,2023-09-30
TARGET.COM  *,20.01,Target,2023-09-30
TARGET.COM  *,48.04,Target,2023-09-30
FLOOR AND DECOR 790 WEB,139.44,Misc,2023-09-30
FLOOR AND DECOR 285,48.10,Misc,2023-09-30
PARKMOBILE,2.00,Misc,2023-10-01
TST* Burger Bros,48.59,Misc,2023-09-30
LOWES #03388*,93.04,Home_Supplies,2023-09-29
WEIS MARKETS INC 29,17.25,Groceries,2023-09-29
BEAUTYCOUNTER,78.74,Misc,2023-09-29
HEALTHY PAWS PET INSURAN,66.06,Misc,2023-09-28
APPLE.COM/BILL,2.99,Misc,2023-09-28
WEGMANS OWINGS MILLS #125,356.95,Groceries,2023-09-26
CHICK-FIL-A #03678,36.19,Dining,2023-09-25
TARGET        00010454,161.85,Target,2023-09-25
TARGET        00010454,-12.71,Target,2023-09-25
THE WINE POST,10.89,Groceries,2023-09-25
SANTONI'S MARKET,11.77,Groceries,2023-09-25
RUTTER'S #45,53.06,Misc,2023-09-22
WEIS MARKETS INC 29,0.79,Groceries,2023-09-22
WEIS MARKETS INC 29,37.85,Groceries,2023-09-22
STEWARTSTOWN SMOKEHOUSE,39.97,Misc,2023-09-22
PLEASANT VALLEY GOLF CLU,36.00,Misc,2023-09-22
SANTONI'S MARKET,11.48,Groceries,2023-09-21
CAPITAL ONE MOBILE PYMT,-3536.62,Misc,2023-09-21
TARGET.COM  *,92.21,Target,2023-09-20
TARGET.COM  *,18.01,Target,2023-09-20
TARGET.COM  *,52.22,Target,2023-09-20
TARGET.COM  *,36.90,Target,2023-09-20
WEGMANS OWINGS MILLS #125,346.62,Groceries,2023-09-19
TARGET        00010454,81.02,Target,2023-09-19
TARGET        00010454,-52.99,Target,2023-09-19
CHICK-FIL-A #03678,35.08,Dining,2023-09-16
LOWES #03388*,37.77,Home_Supplies,2023-09-16
HOFFMANS ICE CREAM,15.59,Misc,2023-09-16
THE WINE POST,19.29,Groceries,2023-09-15
THE WINE POST,19.61,Groceries,2023-09-14
SUNSET SLUSH,16.94,Misc,2023-09-15
SANTONI'S MARKET,43.44,Groceries,2023-09-14
THE TILE SHOP 1064,453.25,Misc,2023-09-13
TARGET        00010454,-142.55,Target,2023-09-13
TARGET        00010454,26.50,Target,2023-09-13
SP GLOBALONE,25.07,Misc,2023-09-12
WEGMANS OWINGS MILLS #125,338.70,Groceries,2023-09-12
ROYALFARMS #34,46.51,Misc,2023-09-11
DUNKIN #340804 Q35,2.95,Misc,2023-09-11
ROYAL FARMS #113,38.86,Misc,2023-09-10
THE HOME DEPOT #2507,190.52,Home_Supplies,2023-09-09
"carters, Inc.",59.48,Misc,2023-09-09
TARGET.COM  *,57.22,Target,2023-09-09
SAKURA HUNT VALLEY,161.00,Misc,2023-09-10
VACCAROS ITALIAN PASTRY,15.75,Misc,2023-09-09
TARGET        00010454,228.08,Target,2023-09-07
SANTONI'S MARKET,54.41,Groceries,2023-09-07
CHICK-FIL-A #03678,11.93,Dining,2023-09-06
WEGMANS OWINGS MILLS #125,274.83,Groceries,2023-09-06
TARGET.COM  *,6.41,Target,2023-09-06
TARGET.COM  *,13.63,Target,2023-09-06
THE REISTER`S DAUGHTER CO,6.36,Misc,2023-09-06
THE REISTER`S DAUGHTER CO,5.38,Misc,2023-09-06
ATT* BILL PAYMENT,164.47,Misc,2023-09-05
TARGET.COM  *,20.04,Target,2023-09-05
SP CLEARSTEM SKINCAR,57.57,Misc,2023-09-05
TARGET.COM  *,18.44,Target,2023-09-04
TARGET.COM  *,8.02,Target,2023-09-04
WEIS MARKETS INC 29,16.18,Groceries,2023-09-03
SQ *FARMER STAN'S PLANTS,32.74,Misc,2023-09-01
IN *ORGANIC LAWNS OF AMER,450.00,Misc,2023-09-01
UNION CRAFT BREWING,8.40,Misc,2023-08-31
WEGMANS OWINGS MILLS #125,302.32,Groceries,2023-08-31
CAPITAL ONE MOBILE PYMT,-5331.36,Misc,2023-09-01
TST* Carroll & Son Fine F,21.78,Misc,2023-08-31
CHICK-FIL-A #03678,32.22,Dining,2023-08-28
SP EQUIP,52.98,Misc,2023-08-28
HEALTHY PAWS PET INSURAN,66.06,Misc,2023-08-28
BLTMR CNTY REV AUTHORI,2.00,Misc,2023-08-27
APPLE.COM/BILL,2.99,Misc,2023-08-28
SANTONI'S MARKET,24.19,Groceries,2023-08-27
FSP*HYPER KIDZ BALTIMORE,3.17,Misc,2023-08-26
MISSION BBQ TOWSON,14.99,Misc,2023-08-27
ZSK*CE PLAYERS FUN POS,21.00,Misc,2023-08-26
PANERA BREAD #203782 P,20.00,Dining,2023-08-26
ROYALFARMS #34,37.72,Misc,2023-08-25
TARGET        00010454,98.48,Target,2023-08-25
PANERA BREAD #203782 P,28.99,Dining,2023-08-23
WEGMANS OWINGS MILLS #125,419.24,Groceries,2023-08-23
SANTONI'S MARKET,69.55,Groceries,2023-08-23
DUNKIN #355344,17.15,Misc,2023-08-22
SQ *FARMER STAN'S PLANTS,40.36,Misc,2023-08-22
THE HOME DEPOT #2507,-13.31,Home_Supplies,2023-08-20
THE HOME DEPOT #2507,149.40,Home_Supplies,2023-08-20
ROYALFARMS #34,47.18,Misc,2023-08-20
PANERA BREAD #203782 P,27.62,Dining,2023-08-20
FSP*COPPERMINE SPORTSMAN',8.75,Misc,2023-08-19
FSP*COPPERMINE SPORTSMAN',42.00,Misc,2023-08-19
WEIS MARKETS INC 29,13.51,Groceries,2023-08-18
TILES DIRECT,153.90,Misc,2023-08-17
SUNSET SLUSH,18.29,Misc,2023-08-19
TARGET        00010454,224.13,Target,2023-08-17
TARGET        00010454,-52.98,Target,2023-08-17
APPLE.COM/BILL,1.37,Misc,2023-08-17
SANTONI'S MARKET,38.29,Groceries,2023-08-16
WEGMANS OWINGS MILLS #125,262.46,Groceries,2023-08-15
WAL-MART #2436,208.03,Misc,2023-08-14
WAWA 8501,54.94,Misc,2023-08-14
SANTONI'S MARKET,17.40,Groceries,2023-08-13
CHICK-FIL-A #03678,35.82,Dining,2023-08-12
THE HOME DEPOT #2507,13.31,Home_Supplies,2023-08-12
LOWES #03388*,116.52,Home_Supplies,2023-08-12
TST* The Bus Stop,7.68,Misc,2023-08-10
TST* The Bus Stop,18.66,Misc,2023-08-10
SANTONI'S MARKET,37.28,Groceries,2023-08-10
WWW.MOUNTAINSIDEVET.CO,283.50,Misc,2023-08-09
IN *ORGANIC LAWNS OF AMER,229.00,Misc,2023-08-09
WEGMANS OWINGS MILLS #125,269.83,Groceries,2023-08-08
QDOBA 2434,43.78,Dining,2023-08-07
TARGET.COM  *,107.10,Target,2023-08-08
TARGET        00010454,87.65,Target,2023-08-07
ATT* BILL PAYMENT,164.47,Misc,2023-08-05
THE WINE POST,30.50,Groceries,2023-08-05
SANTONI'S MARKET,16.57,Groceries,2023-08-05
TARGET        00010454,56.30,Target,2023-08-02
PETCO 1715    63517155,91.73,Misc,2023-08-02
CHICK-FIL-A #03678,34.43,Dining,2023-08-01
WEGMANS OWINGS MILLS #125,463.64,Groceries,2023-08-01
Etsy Inc Seller Fees,4.00,Misc,2023-08-01
SANTONI'S MARKET,99.60,Groceries,2023-07-30
FISHER'S POPCORN BOARDS,24.50,Misc,2023-07-30
ZSK*CE THRASHERS INLET,12.50,Misc,2023-07-30
MARTYS PLAYLAND - OLD,20.00,Misc,2023-07-30
PARKMOBILE,7.60,Misc,2023-07-31
FRACTURED PRUNE,17.84,Misc,2023-07-30
SQ *NOTHING OVER $5,34.86,Misc,2023-07-30
TST* Taphouse Tavern,148.31,Misc,2023-07-29
KOHR BROS 35,25.00,Misc,2023-07-29
ROYAL FARMS #80,13.96,Misc,2023-07-28
JIFFY MART SMO 1700,53.52,Misc,2023-07-27
NICKS MINI GOLF FENWICK,39.00,Misc,2023-07-28
HEALTHY PAWS PET INSURAN,66.06,Misc,2023-07-28
SQ *KING KONE 143RD,13.84,Misc,2023-07-28
NICKS HOUSE OF RIBS - OCE,131.25,Misc,2023-07-28
APPLE.COM/BILL,2.99,Misc,2023-07-28
SANTONI'S MARKET,37.81,Groceries,2023-07-26
TARGET        00010454,113.88,Target,2023-07-25
TARGET        00010454,-40.02,Target,2023-07-25
ROYALFARMS #34,36.76,Misc,2023-07-23
WWW.F1.COM,79.99,Misc,2023-07-24
THE REISTER`S DAUGHTER CO,11.93,Misc,2023-07-23
TARGET.COM  *,20.00,Target,2023-07-23
SANTONI'S MARKET,29.33,Groceries,2023-07-22
LITTLE CAESARS 1883 0005,45.53,Misc,2023-07-21
DUNKIN #340804 Q35,21.48,Misc,2023-07-21
CAPITAL ONE MOBILE PYMT,-3580.63,Misc,2023-07-21
WEGMANS OWINGS MILLS #125,347.17,Groceries,2023-07-19
PARTY CITY 1090,13.78,Misc,2023-07-17
MISSION BBQ FOUNDRY ROW L,79.82,Misc,2023-07-17
IN *ORGANIC LAWNS OF AMER,229.00,Misc,2023-07-17
SP EQUIP,101.22,Misc,2023-07-16
TRACTOR SUPPLY CO #5509,10.59,Misc,2023-07-13
THE WINE POST,51.20,Groceries,2023-07-15
TARGET        00010454,84.94,Target,2023-07-15
SANTONI'S MARKET,36.33,Groceries,2023-07-13
HOFFMANS ICE CREAM,58.72,Misc,2023-07-13
BAUGHERS ORCHARDS,18.89,Misc,2023-07-13
WEGMANS OWINGS MILLS #125,422.16,Groceries,2023-07-12
PARTY CITY 1090,123.49,Misc,2023-07-10
TARGET.COM  *,52.44,Target,2023-07-10
TARGET        00010454,112.90,Target,2023-07-10
TARGET        00010454,-29.23,Target,2023-07-10
SANTONI'S MARKET,4.54,Groceries,2023-07-09
PANERA BREAD #203782 O,43.94,Dining,2023-07-09
SP OFFTHEFLOOR,316.05,Misc,2023-07-08
CHICK-FIL-A #03937,44.59,Dining,2023-07-06
ATT* BILL PAYMENT,164.49,Misc,2023-07-06
WEGMANS OWINGS MILLS #125,426.96,Groceries,2023-07-06
WEIS MARKETS INC 29,29.66,Groceries,2023-07-04
MICHAELS STORES 5176,31.77,Misc,2023-07-04
WEGMANS OWINGS MILLS #125,85.10,Groceries,2023-07-04
FOUNDRY ROW WINE & SPIRIT,30.50,Misc,2023-07-04
ROYAL FARMS #387,49.85,Misc,2023-07-01
ROYAL FARMS #387,34.73,Misc,2023-07-01
BEAR CREEK TRADERS,-42.39,Misc,2023-06-30
BEAR CREEK TRADERS,20.12,Misc,2023-06-30
THE WINE POST,69.72,Groceries,2023-07-01
WEIS MARKETS INC 29,151.93,Groceries,2023-07-01
DUNKIN #362758,5.90,Misc,2023-07-01
Etsy Inc Seller Fees,7.42,Misc,2023-07-02
PINE LODGE STEAKHOUSE,200.00,Misc,2023-06-30
BILLIE,10.60,Misc,2023-07-01
SQ *BEAUTYCOUNTER,93.24,Misc,2023-06-30
CAPITAL ONE MOBILE PYMT,-3832.14,Misc,2023-06-30
LAKESIDE CREAMERY 23,22.43,Misc,2023-06-29
HEALTHY PAWS PET INSURAN,66.06,Misc,2023-06-28
LAKESIDE CREAMERY 23,25.48,Misc,2023-06-28
DEEP CREEK SHOP 'N,56.45,Misc,2023-06-28
PTI* FUN TIME INC,-44.46,Misc,2023-06-28
PTI* FUN TIME INC,40.00,Misc,2023-06-28
APPLE.COM/BILL,2.99,Misc,2023-06-28
PTI* FUN TIME INC,459.42,Misc,2023-06-27
SQ *CANOE ON THE RUN,52.89,Misc,2023-06-27
DEEP CREEK LAKE ST PARK,30.00,Misc,2023-06-26
BEAR CREEK TRADERS,63.57,Misc,2023-06-26
DEEP CREEK SHOP 'N,8.69,Misc,2023-06-26
DEEP CREEK SHOP 'N,15.86,Misc,2023-06-26
DEEP CREEK SHOP 'N,50.73,Misc,2023-06-26
SHEETZ 0591   00005918,2.11,Misc,2023-06-24
MD DNR LICENSING,7.50,Misc,2023-06-22
MYFITNESSPAL,79.99,Misc,2023-06-26
SHEETZ 0591   00005918,6.87,Misc,2023-06-24
PIZZERIA UNO,101.00,Misc,2023-06-24
DEEP CREEK SHOP 'N,298.03,Misc,2023-06-24
US MINT COIN SALES-DR,40.95,Misc,2023-06-24
CHICK-FIL-A #01751,57.67,Dining,2023-06-21
WALGREENS #19129,24.84,Misc,2023-06-21
JOANN STORES*JOANN.COM,5.51,Misc,2023-06-21
TARGET        00010454,98.75,Target,2023-06-21
ROYALFARMS #34,40.77,Misc,2023-06-20
TARGET        00010454,-77.34,Target,2023-06-21
TARGET        00010454,-7.42,Target,2023-06-21
WEGMANS OWINGS MILLS #125,169.31,Groceries,2023-06-20
WEIS MARKETS INC 29,27.66,Groceries,2023-06-19
SHAKESHACK@NASM,81.33,Misc,2023-06-17
ROYALFARMS #34,58.02,Misc,2023-06-16
SP EQUIP,101.22,Misc,2023-06-16
TST* Taqueria el guacamol,18.54,Misc,2023-06-16
KOHL'S #0491,-9.85,Misc,2023-06-14
TARGET.COM  *,52.98,Target,2023-06-15
SQ *THE COW,14.68,Misc,2023-06-15
SQ *THE COW,5.17,Misc,2023-06-15
SANTONI'S MARKET,20.46,Groceries,2023-06-14
WEGMANS OWINGS MILLS #125,-3.99,Groceries,2023-06-13
KOHL'S #0491,17.58,Misc,2023-06-14
IN *ORGANIC LAWNS OF AMER,458.00,Misc,2023-06-14
THE REISTER`S DAUGHTER CO,3.02,Misc,2023-06-14
WEGMANS OWINGS MILLS #125,297.93,Groceries,2023-06-13
TARGET.COM  *,43.85,Target,2023-06-13
FOUNDRY ROW WINE & SPIRIT,71.92,Misc,2023-06-12
TARGET        00010454,40.35,Target,2023-06-12
E ZPASS DE CSC00100701,25.00,Misc,2023-06-12
OMNIPET INC - PETFLOW,65.69,Misc,2023-06-09
GLYNDON GARDENS LLC,35.46,Misc,2023-06-07
SP FLATIRON PEPPER C,36.85,Misc,2023-06-08
TARGET        00010454,205.70,Target,2023-06-07
TARGET        00010454,-45.45,Target,2023-06-07
SANTONI'S MARKET,34.63,Groceries,2023-06-07
WEGMANS OWINGS MILLS #125,384.40,Groceries,2023-06-06
CVS/PHARMACY #04030,16.34,Misc,2023-06-06
CAPITAL ONE MOBILE PYMT,-3530.68,Misc,2023-06-06
ATT* BILL PAYMENT,164.49,Misc,2023-06-05
STARBUCKS STORE 07694,15.96,Dining,2023-06-03
DSW FOUNDRY ROW,89.02,Misc,2023-06-03
SANTONIS MARKETPLACE & CA,20.08,Misc,2023-06-03
OLD NAVY US 4510,57.72,Misc,2023-06-03
MICHAELS STORES 5176,73.76,Misc,2023-06-03
WEGMANS OWINGS MILLS #125,49.03,Groceries,2023-06-03
WEIS MARKETS INC 29,6.00,Groceries,2023-06-03
SANTONI'S MARKET,4.49,Groceries,2023-06-03
SUNSET SLUSH,16.43,Misc,2023-06-02
TARGET        00010454,99.02,Target,2023-06-01
TARGET        00010454,-230.35,Target,2023-06-01
Etsy Inc Seller Fees,3.42,Misc,2023-06-01
ROYALFARMS #34,43.75,Misc,2023-05-30
WEGMANS OWINGS MILLS #125,404.53,Groceries,2023-05-30
SP EQUIP,44.19,Misc,2023-05-29
HEALTHY PAWS PET INSURAN,66.06,Misc,2023-05-28
SANTONI'S MARKET,18.36,Groceries,2023-05-28
APPLE.COM/BILL,2.99,Misc,2023-05-29
CHICK-FIL-A #03678,31.75,Dining,2023-05-27
CHICK-FIL-A #03678,6.98,Dining,2023-05-27
APPLE.COM/BILL,7.41,Misc,2023-05-27
TARGET.COM  *,56.16,Target,2023-05-26
USPS PO 2376500336,6.59,Misc,2023-05-26
SANTONI'S MARKET,32.62,Groceries,2023-05-26
CHICK-FIL-A #03678,24.91,Dining,2023-05-24
TARGET.COM  *,11.65,Target,2023-05-25
TARGET.COM  *,21.18,Target,2023-05-25
LOWES #03388*,-13.88,Home_Supplies,2023-05-24
RAILEY VACATIONS,988.10,Misc,2023-05-25
MICHAELS STORES 5176,31.79,Misc,2023-05-24
TARGET.COM  *,10.59,Target,2023-05-24
TARGET        00010454,16.64,Target,2023-05-24
LOWES #03388*,19.06,Home_Supplies,2023-05-24
"PP*ROBBOB ICE, INC",23.00,Misc,2023-05-23
WEIS MARKETS INC 29,30.15,Groceries,2023-05-23
WEGMANS OWINGS MILLS #125,270.63,Groceries,2023-05-22
TARGET.COM  *,44.51,Target,2023-05-22
ANDY NELSONS BBQ RESTAURA,54.91,Misc,2023-05-20
NED STEVENS- MD,220.47,Misc,2023-05-21
SUNSET SLUSH,20.94,Misc,2023-05-21
TARGET.COM  *,10.59,Target,2023-05-19
IN *ORGANIC LAWNS OF AMER,229.00,Misc,2023-05-19
TARGET.COM  *,59.34,Target,2023-05-18
TARGET        00010454,53.11,Target,2023-05-18
TARGET        00010454,-110.14,Target,2023-05-18
WEGMANS OWINGS MILLS #125,284.25,Groceries,2023-05-16
CHICK-FIL-A #03678,23.83,Dining,2023-05-15
TARGET.COM  *,77.89,Target,2023-05-15
COLD STONE CREAMERY 1302,7.03,Misc,2023-05-15
CAPITAL ONE MOBILE PYMT,-4218.10,Misc,2023-05-16
WWW.KOHLS.COM #0873,15.32,Misc,2023-05-14
PANERA BREAD #203782 O,48.38,Dining,2023-05-15
GLYNDON GARDENS LLC,131.46,Misc,2023-05-12
THE WINE POST,94.79,Groceries,2023-05-12
SANTONI'S MARKET,48.75,Groceries,2023-05-12
WWW.KOHLS.COM #0873,9.85,Misc,2023-05-12
LOWES #03388*,112.08,Home_Supplies,2023-05-12
TARGET        00010454,31.78,Target,2023-05-11
TARGET        00010454,28.33,Target,2023-05-11
NAYLOR PLUMBNG HTNG & AC,600.00,Misc,2023-05-10
TARGET        00010454,192.04,Target,2023-05-10
ROYALFARMS #34,43.85,Misc,2023-05-09
WEGMANS OWINGS MILLS #125,291.50,Groceries,2023-05-09
SANTONI'S MARKET,19.55,Groceries,2023-05-08
ATT* BILL PAYMENT,163.07,Misc,2023-05-06
TARGET.COM  *,20.13,Target,2023-05-06
TARGET.COM  *,148.42,Target,2023-05-06
TARGET.COM  *,13.31,Target,2023-05-06
TST* Keccos Neapolitan W,72.06,Misc,2023-05-06
SUNIKINI,91.83,Misc,2023-05-05
WEIS MARKETS INC 29,38.80,Groceries,2023-05-05
EL GRAN POLLO MAIN STREE,75.65,Misc,2023-05-04
WEIS MARKETS INC 29,9.79,Groceries,2023-05-04
WEGMANS OWINGS MILLS #125,460.65,Groceries,2023-05-03
SQ *AMERICAN ICE CO. CAFE,11.88,Misc,2023-05-02
AMC ONLINE 9640,25.70,Misc,2023-05-02
BUSTEDTEES,28.98,Misc,2023-05-01
HIGHS 114,42.17,Misc,2023-04-29
SP EQUIP,101.22,Misc,2023-04-29
HEALTHY PAWS PET INSURAN,66.06,Misc,2023-04-28
APPLE.COM/BILL,2.99,Misc,2023-04-28
TARGET.COM  *,-42.39,Target,2023-04-27
TARGET        00010454,59.03,Target,2023-04-27
TARGET        00010454,-60.75,Target,2023-04-27
WEGMANS OWINGS MILLS #125,344.63,Groceries,2023-04-25
MLT (SCHOOL),31.79,Misc,2023-04-25
SUNSET BAR & GRILL,6.82,Misc,2023-04-25
SUNSET GOLF COURSE,48.00,Misc,2023-04-22
OMNIPET INC - PETFLOW,65.69,Misc,2023-04-24
SANTONI'S MARKET,6.99,Groceries,2023-04-21
TARGET        00010454,50.97,Target,2023-04-20
TREERING,24.84,Misc,2023-04-20
TARGET.COM  *,13.94,Target,2023-04-19
TARGET.COM  *,44.47,Target,2023-04-19
TARGET.COM  *,33.18,Target,2023-04-19
OLD NAVY US 4510,13.77,Misc,2023-04-18
OLD NAVY ON-LINE,-12.72,Misc,2023-04-18
WEGMANS OWINGS MILLS #125,355.21,Groceries,2023-04-18
CHICK-FIL-A #03678,39.73,Dining,2023-04-17
SANTONI'S MARKET,23.81,Groceries,2023-04-18
TARGET        00010454,81.18,Target,2023-04-17
TARGET        00010454,-42.00,Target,2023-04-17
LITTLE SPICE @ LAKESIDE,89.73,Misc,2023-04-16
CAPITAL ONE MOBILE PYMT,-4960.26,Misc,2023-04-15
TARGET.COM  *,16.91,Target,2023-04-15
TARGET.COM  *,19.08,Target,2023-04-14
TARGET.COM  *,68.90,Target,2023-04-14
BRANDYWINE VALLEY BAPT,51.10,Misc,2023-04-13
BALTIMORE CITY GOVT,40.96,Misc,2023-04-13
ROYALFARMS #34,43.60,Misc,2023-04-11
MH* FRANKLINESP,10.85,Misc,2023-04-12
ENVIROTEST SYSTEMS CORP K,10.00,Misc,2023-04-11
WEGMANS OWINGS MILLS #125,301.64,Groceries,2023-04-11
ROYALFARMS #34,43.92,Misc,2023-04-08
CAPITAL ONE MEMBER FEE,59.00,Misc,2023-04-08
TARGET.COM  *,20.78,Target,2023-04-07
PETSMART #3231,50.87,Misc,2023-04-07
SANTONI'S MARKET,36.56,Groceries,2023-04-07
AMC 0804 OWINGS MILLS,19.38,Misc,2023-04-07
OLD NAVY ON-LINE,45.58,Misc,2023-04-06
TARGET.COM  *,20.78,Target,2023-04-06
ATT* BILL PAYMENT,187.01,Misc,2023-04-05
TARGET.COM  *,66.99,Target,2023-04-05
WAVE - *MOZARTS GYM,350.00,Misc,2023-04-05
SANTONI'S MARKET,12.71,Groceries,2023-04-05
IN *ORGANIC LAWNS OF AMER,229.00,Misc,2023-04-05
PANERA BREAD #203782 P,5.82,Dining,2023-04-04
PANERA BREAD #203782 P,24.64,Dining,2023-04-04
WEGMANS OWINGS MILLS #125,378.49,Groceries,2023-04-04
CHICK-FIL-A #01751,38.48,Dining,2023-04-03
CLAIRE'S #5055,29.66,Misc,2023-04-03
TRAVEL INSURED INTERNA,105.00,Misc,2023-04-04
AMC ONLINE 9640,54.74,Misc,2023-04-05
SQ *CARROLL COUNTY ARTS C,5.00,Misc,2023-04-03
SQ *CARROLL COUNTY ARTS C,22.26,Misc,2023-04-03
SQ *CARROLL COUNTY ARTS C,5.00,Misc,2023-04-03
RAILEY VACATIONS,988.10,Misc,2023-04-03
Vrbo Fee,247.00,Misc,2023-04-04
CAPITAL ONE MOBILE PYMT,-3000.00,Misc,2023-04-03
CAPITAL ONE AUTOPAY PYMT,-261.64,Misc,2023-04-03
HOBBY-LOBBY #902,11.82,Misc,2023-03-31
THE HOME DEPOT #2507,15.88,Home_Supplies,2023-03-31
BILLIE,10.60,Misc,2023-04-01
TST* Alfeos Italian Kitch,39.85,Misc,2023-04-02
OLD NAVY ON-LINE,-29.67,Misc,2023-03-31
PEARLSTONE,375.00,Misc,2023-03-31
SP EQUIP,51.49,Misc,2023-03-30
TARGET        00010009,144.12,Target,2023-03-30
CHICK-FIL-A #03678,11.76,Dining,2023-03-29
WEGMANS OWINGS MILLS #125,403.91,Groceries,2023-03-29
TARGET.COM  *,23.13,Target,2023-03-29
TST* GUILFORD HALL BREWER,-11.10,Misc,2023-03-28
TARGET.COM  *,19.30,Target,2023-03-28
SQ *AMERICAN ICE CO. CAFE,14.63,Misc,2023-03-28
HEALTHY PAWS PET INSURAN,66.06,Misc,2023-03-28
THE WINE POST,78.46,Groceries,2023-03-28
SANTONI'S MARKET,17.79,Groceries,2023-03-28
APPLE.COM/BILL,2.99,Misc,2023-03-28
HOMEGOODS #243,64.61,Misc,2023-03-27
HARBOR PARK GARAGE LLC,28.00,Misc,2023-03-26
SQ *BEAUTYCOUNTER,55.00,Misc,2023-03-27
TST* GUILFORD HALL BREWER,82.36,Misc,2023-03-26
PRINTIFY.COM,15.53,Misc,2023-03-26
CHICK-FIL-A #03678,5.04,Dining,2023-03-25
CHICK-FIL-A #03678,39.10,Dining,2023-03-25
SQ *MR. TASTY,21.00,Misc,2023-03-26
CANVA* I03736-0491314,119.99,Misc,2023-03-26
Etsy.com - NYMDinspired,22.87,Misc,2023-03-25
OLD NAVY ON-LINE,29.67,Misc,2023-03-24
TARGET        00010454,-29.32,Target,2023-03-24
TARGET        00010454,137.01,Target,2023-03-24
PORT DISCOVERY WEB SITE,65.85,Misc,2023-03-23
WEGMANS OWINGS MILLS #125,368.40,Groceries,2023-03-23
WEIS MARKETS INC 29,7.57,Groceries,2023-03-22
TARGET.COM  *,42.24,Target,2023-03-21
TARGET.COM  *,53.77,Target,2023-03-21
TREERING,17.97,Misc,2023-03-21
IN *ORGANIC LAWNS OF AMER,229.00,Misc,2023-03-20
SONNY LEE'S HUNAN TASTE,49.18,Misc,2023-03-19
SANTONI'S MARKET,42.32,Groceries,2023-03-19
REI.COM  800-426-4840,148.39,Misc,2023-03-19
REI #62 TIMONIUM,126.07,Misc,2023-03-16
ROYALFARMS #34,41.07,Misc,2023-03-16
TARGET.COM  *,13.14,Target,2023-03-16
TARGET.COM  *,27.31,Target,2023-03-16
TARGET.COM  *,42.39,Target,2023-03-16
TARGET.COM  *,17.20,Target,2023-03-16
TARGET.COM  *,49.52,Target,2023-03-16
ROYALFARMS #34,41.27,Misc,2023-03-15
FIRST WATCH - 0122,49.58,Misc,2023-03-16
WEGMANS OWINGS MILLS #125,393.53,Groceries,2023-03-15
CHICK-FIL-A #01047,13.34,Dining,2023-03-13
THE HOME DEPOT #2507,13.20,Home_Supplies,2023-03-13
THE HOME DEPOT #2507,-29.08,Home_Supplies,2023-03-13
THE HOME DEPOT 2565,347.59,Home_Supplies,2023-03-13
MLT (SCHOOL),31.79,Misc,2023-03-14
SANTONI'S MARKET,22.07,Groceries,2023-03-11
AT&T RBBH 78317,54.06,Misc,2023-03-11
CHICK-FIL-A #02103,41.63,Dining,2023-03-10
RAISING CANE'S 0869,12.29,Misc,2023-03-10
WEGMANS OWINGS MILLS #125,376.11,Groceries,2023-03-09
BALTIMORE COUNTY REVEN,1.75,Misc,2023-03-08
ATT* BILL PAYMENT,73.73,Misc,2023-03-08
MH* FRANKLINESP,47.06,Misc,2023-03-08
SP EQUIP,106.97,Misc,2023-03-08
TST* JeannieBird Baking C,3.97,Misc,2023-03-08
BLTMR CNTY REV AUTHORI,1.00,Misc,2023-03-07
CAPITAL ONE MOBILE PYMT,-3600.38,Misc,2023-03-08
TARGET        00010454,80.24,Target,2023-03-07
TARGET        00010454,31.78,Target,2023-03-07
TARGET        00010454,-83.11,Target,2023-03-07
QDOBA 2434,31.22,Dining,2023-03-05
SQ *BEAUTYCOUNTER,17.55,Misc,2023-03-05
CHICK-FIL-A #03678,15.10,Dining,2023-03-03
TARGET        00010454,121.96,Target,2023-03-03
TARGET        00010454,-14.00,Target,2023-03-03
LOWES #03388*,24.36,Home_Supplies,2023-03-03
CAPITAL ONE AUTOPAY PYMT,-922.61,Misc,2023-03-03
SQ *LIGHT IT UP NAILS BY,27.00,Misc,2023-03-02
LOWES #03388*,233.18,Home_Supplies,2023-03-02
365 MARKET FP,6.35,Misc,2023-03-01
WAL-MART #2436,105.27,Misc,2023-03-01
HEALTHY PAWS PET INSURAN,66.06,Misc,2023-03-01
365 MARKET FP,6.35,Misc,2023-02-28
Etsy Inc Seller Fees,0.80,Misc,2023-03-01
WEGMANS OWINGS MILLS #125,296.65,Groceries,2023-02-28
APPLE.COM/BILL,2.99,Misc,2023-02-27
CANVA* I03708-0498420,12.99,Misc,2023-02-26
WEIS MARKETS INC 29,3.49,Groceries,2023-02-25
TST* Piedras Calientes Bi,64.50,Misc,2023-02-24
SP CLEARSTEM SKINCAR,134.78,Misc,2023-02-25
TARGET.COM  *,10.18,Target,2023-02-24
THE TOT SPOT,20.65,Misc,2023-02-23
TARGET.COM  *,52.89,Target,2023-02-23
ROYALFARMS #34,36.70,Misc,2023-02-22
THE REISTER`S DAUGHTER CO,11.66,Misc,2023-02-22
ROYALFARMS #34,42.12,Misc,2023-02-21
BALTIMORE COUNTY REVEN,2.00,Misc,2023-02-21
WEGMANS OWINGS MILLS #125,267.11,Groceries,2023-02-21
PANERA BREAD #203782 P,26.95,Dining,2023-02-20
TARGET        00010454,77.70,Target,2023-02-20
TARGET        00010454,6.84,Target,2023-02-20
TAXHAWK.COM,14.99,Misc,2023-02-18
PARTY CITY 1090,12.40,Misc,2023-02-17
WALGREENS #19129,5.44,Misc,2023-02-17
TARGET.COM  *,30.96,Target,2023-02-17
TARGET.COM  *,16.95,Target,2023-02-17
TARGET.COM  *,10.82,Target,2023-02-17
THE WINE POST,47.93,Groceries,2023-02-17
SANTONI'S MARKET,7.98,Groceries,2023-02-17
LITTLE SPICE @ LAKESIDE,52.79,Misc,2023-02-17
IN *ORGANIC LAWNS OF AMER,229.00,Misc,2023-02-17
PPL*TM BEACHBODY BODI,127.07,Misc,2023-02-17
WEGMANS OWINGS MILLS #125,-5.29,Groceries,2023-02-15
WEGMANS OWINGS MILLS #125,67.93,Groceries,2023-02-15
GREAT WOLF LODGE PERRY,277.97,Misc,2023-02-14
WEGMANS OWINGS MILLS #125,407.52,Groceries,2023-02-14
FIVE GUYS MD 0060 QSR,42.35,Misc,2023-02-12
BUTCHERBOX,146.00,Misc,2023-02-13
WEGMANS OWINGS MILLS #125,33.96,Groceries,2023-02-08
WEGMANS OWINGS MILLS #125,336.11,Groceries,2023-02-07
EL GRAN POLLO MAIN STREE,56.15,Misc,2023-02-06
TARGET        00010454,105.60,Target,2023-02-06
TARGET        00010454,-135.65,Target,2023-02-06
7-ELEVEN 32287,35.98,Misc,2023-02-05
ATT* BILL PAYMENT,73.73,Misc,2023-02-05
CHICK-FIL-A #03678,16.78,Dining,2023-02-04
TARGET        00010454,62.62,Target,2023-02-03
MOUNTAINSIDE VETERINARY H,662.26,Misc,2023-02-02
CAPITAL ONE AUTOPAY PYMT,-771.98,Misc,2023-02-03
OMNIPET INC - PETFLOW,65.69,Misc,2023-02-02
ZYIA ACTIVE LLC,5.15,Misc,2023-01-31
Etsy Inc Seller Fees,0.40,Misc,2023-02-01
WEGMANS OWINGS MILLS #125,301.81,Groceries,2023-01-31
NOOM INC SUB.NOOM.COM,179.14,Misc,2023-01-29
HEALTHY PAWS PET INSURAN,66.06,Misc,2023-01-28
PANERA BREAD #203782 O,39.18,Dining,2023-01-29
APPLE.COM/BILL,2.99,Misc,2023-01-28
LOWES #03388*,99.52,Home_Supplies,2023-01-28
CAPITAL ONE MOBILE PYMT,-3537.87,Misc,2023-01-27
TARGET        00010454,83.28,Target,2023-01-26
TARGET.COM  *,9.53,Target,2023-01-25
TARGET.COM  *,74.19,Target,2023-01-25
ROYALFARMS #34,46.04,Misc,2023-01-24
TARGET.COM  *,61.46,Target,2023-01-24
WEGMANS OWINGS MILLS #125,374.25,Groceries,2023-01-24
IRON ROOSTER HUNT VALLEY,92.49,Misc,2023-01-23
Patagonia Direct Inc.,113.41,Misc,2023-01-23
PARTY CITY 1090,10.60,Misc,2023-01-22
SQ *BEAUTYCOUNTER,91.16,Misc,2023-01-22
DUNKIN #341430 Q35,12.99,Misc,2023-01-22
SANTONI'S MARKET,12.03,Groceries,2023-01-22
NOOM INC SUB.NOOM.COM,10.00,Misc,2023-01-21
SP DR. SQUATCH,57.00,Misc,2023-01-21
ROYALFARMS #34,42.30,Misc,2023-01-19
ZYIA ACTIVE LLC,132.12,Misc,2023-01-19
WEGMANS OWINGS MILLS #125,338.13,Groceries,2023-01-18
WALMART.COM 8009666546,10.62,Misc,2023-01-18
PARTY CITY 1090,11.13,Misc,2023-01-13
LITTLE SPICE @ LAKESIDE,50.67,Misc,2023-01-16
DUNKIN #340804 Q35,15.00,Misc,2023-01-15
WEIS MARKETS INC 29,17.45,Groceries,2023-01-15
PRINTIFY.COM,18.82,Misc,2023-01-16
DOMINO'S 4616,76.01,Misc,2023-01-14
THE WINE POST,66.46,Groceries,2023-01-14
SANTONI'S MARKET,3.80,Groceries,2023-01-14
HOFFMANS ICE CREAM,29.95,Misc,2023-01-13
CHICK-FIL-A #03678,36.38,Dining,2023-01-11
TARGET        00010454,96.12,Target,2023-01-11
SP NORTHERN BREWER,91.03,Misc,2023-01-11
WEGMANS OWINGS MILLS #125,363.92,Groceries,2023-01-10
TARGET.COM  *,22.61,Target,2023-01-10
TARGET.COM  *,4.11,Target,2023-01-08
TARGET.COM  *,50.87,Target,2023-01-08
TARGET.COM  *,38.32,Target,2023-01-08
Netflix.com,16.42,Misc,2023-01-08
TARGET.COM  *,33.41,Target,2023-01-07
QDOBA 2434,41.45,Dining,2023-01-06
WEIS MARKETS INC 29,31.76,Groceries,2023-01-06
SANTONI'S MARKET,12.34,Groceries,2023-01-06
ATT* BILL PAYMENT,34.56,Misc,2023-01-05
IN *ORGANIC LAWNS OF AMER,49.95,Misc,2023-01-05
TARGET.COM  *,42.39,Target,2023-01-03
TARGET.COM  *,10.58,Target,2023-01-03
WEGMANS OWINGS MILLS #125,351.35,Groceries,2023-01-03
CAPITAL ONE AUTOPAY PYMT,-1651.71,Misc,2023-01-03
THE KATE PEARL TEA ROOM,114.22,Misc,2022-12-31
WEIS MARKETS INC 29,5.98,Groceries,2022-12-31
CHICK-FIL-A #03678,2.39,Dining,2022-12-30
CHICK-FIL-A #03678,27.81,Dining,2022-12-30
LIDL #1471,18.37,Misc,2022-12-30
TRAVEL INSURED INTERNA,162.00,Misc,2024-01-15
SNOW.COM/VAIL RESORTS SKI,178.95,Misc,2024-01-15
SLICE*ALFEOSITALIANKIT,42.25,Misc,2024-01-15
SONNY LEE'S HUNAN TASTE,80.51,Misc,2024-01-13
WAVE - *MOZARTS GYM,315.00,Misc,2024-01-13
SIEBERT REALTY,1803.00,Misc,2024-01-13
TARGET.COM *,25.98,Target,2024-01-13
TARGET.COM *,26.49,Target,2024-01-12
WEGMANS OWINGS MILLS #125,302.26,Groceries,2024-01-11
TARGET        00010454,126.05,Target,2024-01-08
TARGET        00010454,-19.08,Target,2024-01-08
IN *ORGANIC LAWNS OF AMER,49.95,Misc,2024-01-08
SANTONI'S MARKET,29.23,Groceries,2024-01-06
HOFFMANS ICE CREAM,16.00,Misc,2024-01-05
LIDL #1471,13.86,Misc,2024-01-05
DOLLAR TREE,6.89,Misc,2024-01-05
APPLE.COM/BILL,5.29,Misc,2024-01-05
TARGET.COM  *,19.83,Target,2024-01-04
WEGMANS OWINGS MILLS #125,315.99,Groceries,2024-01-04
TARGET        00010454,103.76,Target,2024-01-04
SANTONI'S MARKET,36.89,Groceries,2024-01-04
TARGET.COM  *,27.36,Target,2024-01-04
WALMART.COM,45.08,Misc,2024-01-03
CAPITAL ONE MOBILE PYMT,-4305.01,Misc,2024-01-02
SPA IN THE VALLEY   HUNT,4.00,Misc,2023-12-30
SQ *TIPPY,22.93,Misc,2023-12-30
STARBUCKS STORE 58603,3.13,Dining,2023-12-29
WEIS MARKETS INC 29,45.92,Groceries,2023-12-30
SANTONI'S MARKET,2.99,Groceries,2023-12-30
WEGMANS OWINGS MILLS #125,356.83,Groceries,2024-01-30
HEALTHY PAWS PET INSURAN,91.32,Misc,2024-01-28
WEIS MARKETS INC 29,6.30,Groceries,2024-01-28
QUICK CHEK CORPORATION,7.87,Misc,2024-01-27
SHEETZ 0297   00002972,7.01,Misc,2024-01-27
APPLE.COM/BILL,2.99,Misc,2024-01-28
CHICK-FIL-A #02898,27.12,Dining,2024-01-26
RESIDENCE INN KINGSTON,3.56,Misc,2024-01-27
HUNTER  F&B,27.95,Misc,2024-01-26
HOBBY-LOBBY #902,8.89,Misc,2024-01-25
POPEYES 11636,10.24,Misc,2024-01-25
WEIS MARKETS INC 29,9.43,Groceries,2024-01-25
CHICK-FIL-A #03678,2.43,Dining,2024-01-23
HUDSON ST2034,21.89,Misc,2024-01-25
I LOVE LA TERMINAL 5,32.92,Misc,2024-01-25
WEGMANS OWINGS MILLS #125,150.53,Groceries,2024-01-23
CHICK-FIL-A #03678,30.38,Dining,2024-01-22
ROYALFARMS #34,38.15,Misc,2024-01-22
HOMEGOODS #243,57.20,Misc,2024-01-22
ROYALFARMS #34,38.59,Misc,2024-01-21
THE HOME DEPOT #2507,31.77,Home_Supplies,2024-01-20
SAFEWAY 1657,16.94,Misc,2024-01-20
PARTY CITY 1090,12.72,Misc,2024-01-20
PARTY CITY 1090,7.95,Misc,2024-01-20
5GUYS 0509 ECOMM,59.81,Misc,2024-01-20
TARGET        00010454,-13.99,Target,2024-01-20
TARGET        00010454,63.20,Target,2024-01-20
WEGMANS OWINGS MILLS #125,367.53,Groceries,2024-01-18
SANTONI'S MARKET,49.98,Groceries,2024-01-17
TRAVEL INSURED INTERNA,162.00,Misc,2024-01-15
SNOW.COM/VAIL RESORTS SKI,178.95,Misc,2024-01-15
SLICE*ALFEOSITALIANKIT,42.25,Misc,2024-01-15
SONNY LEE'S HUNAN TASTE,80.51,Misc,2024-01-13
WAVE - *MOZARTS GYM,315.00,Misc,2024-01-13
SIEBERT REALTY,1803.00,Misc,2024-01-13
TARGET.COM  *,25.98,Target,2024-01-13
TARGET.COM  *,26.49,Target,2024-01-12
WEGMANS OWINGS MILLS #125,302.26,Groceries,2024-01-11
TARGET        00010454,126.05,Target,2024-01-08
TARGET        00010454,-19.08,Target,2024-01-08
IN *ORGANIC LAWNS OF AMER,49.95,Misc,2024-01-08
SANTONI'S MARKET,29.23,Groceries,2024-01-06
HOFFMANS ICE CREAM,16.00,Misc,2024-01-05
LIDL #1471,13.86,Misc,2024-01-05
DOLLAR TREE,6.89,Misc,2024-01-05
APPLE.COM/BILL,5.29,Misc,2024-01-05
TARGET.COM  *,19.83,Target,2024-01-04
WEGMANS OWINGS MILLS #125,315.99,Groceries,2024-01-04
TARGET        00010454,103.76,Target,2024-01-04
SANTONI'S MARKET,36.89,Groceries,2024-01-04
TARGET.COM  *,27.36,Target,2024-01-04
WALMART.COM,45.08,Misc,2024-01-03
CAPITAL ONE MOBILE PYMT,-4305.01,Misc,2024-01-02
HEALTHY PAWS PET INSURAN,91.32,Misc,2024-02-28
APPLE.COM/BILL,2.99,Misc,2024-02-28
WEGMANS OWINGS MILLS #125,306.95,Groceries,2024-02-27
SANTONI'S MARKET,19.52,Groceries,2024-02-26
TARGET        00010454,121.64,Target,2024-02-23
TARGET        00010454,-86.66,Target,2024-02-23
LITTLE SPICE @ LAKESIDE,60.16,Misc,2024-02-22
WEGMANS OWINGS MILLS #125,353.06,Groceries,2024-02-21
BEAUTYCOUNTER,148.82,Misc,2024-02-21
DUNKIN #340804 Q35,3.96,Misc,2024-02-20
OLD NAVY ON-LINE,65.17,Misc,2024-02-20
TARGET.COM  *,80.56,Target,2024-02-20
TARGET.COM  *,25.18,Target,2024-02-19
TST* IRON ROOSTER HUNT VA,115.23,Misc,2024-02-19
ROYALFARMS #34,39.42,Misc,2024-02-18
WEIS MARKETS INC 29,36.40,Groceries,2024-02-18
TST* ALFEOS ITALIAN KITCH,84.01,Misc,2024-02-18
CAPITAL ONE MOBILE PYMT,-3579.40,Misc,2024-02-17
HOBBY-LOBBY #902,38.68,Misc,2024-02-15
TARGET        00010454,72.21,Target,2024-02-16
PARTY CITY 1090,24.91,Misc,2024-02-15
CHICK-FIL-A #03678,56.67,Dining,2024-02-15
WEIS MARKETS INC 29,31.16,Groceries,2024-02-15
TARGET        00010454,50.05,Target,2024-02-15
SHELL OIL 57525765202,42.55,Misc,2024-02-14
WEGMANS OWINGS MILLS #125,552.32,Groceries,2024-02-14
THE REISTER`S DAUGHTER CO,15.90,Misc,2024-02-14
THE WINE POST,94.49,Groceries,2024-02-13
SANTONI'S MARKET,10.35,Groceries,2024-02-13
PPL*TM BEACHBODY BODI,189.74,Misc,2024-02-13
TARGET.COM  *,58.28,Target,2024-02-12
TARGET.COM  *,8.71,Target,2024-02-12
TARGET.COM  *,8.71,Target,2024-02-12
IN *ORGANIC LAWNS OF AMER,152.00,Misc,2024-02-12
TARGET.COM  *,11.30,Target,2024-02-12
TARGET.COM  *,160.32,Target,2024-02-11
TARGET        00010454,110.07,Target,2024-02-09
DUNKIN #340804 Q35,29.64,Misc,2024-02-08
USPS PO 2376500336,35.00,Misc,2024-02-07
WEGMANS OWINGS MILLS #125,406.58,Groceries,2024-02-06
QDOBA 2434,49.77,Dining,2024-02-04
LOWES #03388*,72.24,Home_Supplies,2024-02-04
CREDIT-TRAVEL REWARD,-408.00,Misc,2024-02-03
CREDIT-TRAVEL REWARD,-408.00,Misc,2024-02-03
CAPITAL ONE MOBILE PYMT,-4000.00,Misc,2024-02-03
Etsy.com*NYMDinspired,0.20,Misc,2024-02-01
CVS/PHARMACY #04030,18.01,Misc,2024-01-31
SANTONI'S MARKET,52.48,Groceries,2024-01-31
TARGET        00010454,39.51,Target,2024-01-31
UNITED      0164272444384,30.00,Misc,2024-01-30
UNITED      0164272444383,30.00,Misc,2024-01-30
UNITED      0162360745605,408.00,Misc,2024-01-30
UNITED      0162360745604,408.00,Misc,2024-01-30
HEALTHY PAWS PET INSURAN,91.32,Misc,2024-04-28
GLYNDON GARDENS LLC,174.90,Misc,2024-04-27
REI #62 TIMONIUM,-63.55,Misc,2024-04-27
FIRST WATCH - 0122,74.62,Misc,2024-04-27
TST* THE BUS STOP,29.77,Misc,2024-04-25
SANTONI'S MARKET,21.27,Groceries,2024-04-24
WEGMANS OWINGS MILLS #125,362.61,Groceries,2024-04-23
THE REISTER`S DAUGHTER CO,10.17,Misc,2024-04-23
ROYALFARMS #34,51.55,Misc,2024-04-21
TARGET.COM  *,142.78,Target,2024-04-21
MLT (SCHOOL),35.75,Misc,2024-04-21
SANTONI'S MARKET,4.49,Groceries,2024-04-21
THE REISTER`S DAUGHTER CO,11.87,Misc,2024-04-21
TARGET        00010454,50.05,Target,2024-04-19
TARGET        00010454,-41.75,Target,2024-04-19
TARGET        00010454,164.72,Target,2024-04-19
USPS PO 2376500336,9.85,Misc,2024-04-18
SANTONI'S MARKET,16.17,Groceries,2024-04-18
TARGET.COM  *,40.50,Target,2024-04-17
WEGMANS OWINGS MILLS #125,255.75,Groceries,2024-04-16
CAPITAL ONE MOBILE PYMT,-3645.09,Misc,2024-04-16
DUNKIN #340804 Q35,0.98,Misc,2024-04-15
IN *ORGANIC LAWNS OF AMER,152.00,Misc,2024-04-15
WWW.MOUNTAINSIDEVET.CO,244.30,Misc,2024-04-15
SANTONI'S MARKET,44.13,Groceries,2024-04-13
APPLE.COM/BILL,9.99,Misc,2024-04-12
TARGET        00010454,-30.22,Target,2024-04-11
TARGET        00010454,6.36,Target,2024-04-11
TARGET        00010454,270.36,Target,2024-04-11
CHICK-FIL-A #03678,42.16,Dining,2024-04-10
REVIVE HW,20.00,Misc,2024-04-10
WEGMANS OWINGS MILLS #125,390.77,Groceries,2024-04-09
THE HOME DEPOT #2565,24.35,Home_Supplies,2024-04-08
ROYALFARMS #34,23.53,Misc,2024-04-08
ROYALFARMS #34,18.55,Misc,2024-04-08
ROYALFARMS #34,7.36,Misc,2024-04-08
REI #62 TIMONIUM,201.87,Misc,2024-04-08
TARGET.COM  *,61.16,Target,2024-04-08
CAPITAL ONE MEMBER FEE,59.00,Misc,2024-04-08
WEIS MARKETS INC 29,37.76,Groceries,2024-04-07
THRIVE MARKET,-59.95,Misc,2024-04-07
MISSION BBQ WESTMINSTER-S,8.47,Misc,2024-04-06
MISSION BBQ WESTMINSTER-S,66.10,Misc,2024-04-06
THE WINE POST,33.65,Groceries,2024-04-05
MLT (SCHOOL),26.49,Misc,2024-04-05
SANTONI'S MARKET,78.97,Groceries,2024-04-05
SQ *AMERICAN ICE CO. CAFE,28.04,Misc,2024-04-05
THRIVE MARKET,59.95,Misc,2024-04-05
WAL-MART #2436,66.51,Misc,2024-04-04
MVA WESTMINSTER,48.00,Misc,2024-04-03
SP BAJA GOLD SALT CO.,19.99,Misc,2024-04-04
DOCTORS SUPPLEMENT STORE,292.37,Misc,2024-04-03
WEGMANS OWINGS MILLS #125,278.32,Groceries,2024-04-02
REVIVE HW,500.00,Misc,2024-04-02
ROYALFARMS #34,48.02,Misc,2024-03-29
ROYALFARMS #34,39.08,Misc,2024-03-28
SANTONI'S MARKET,23.66,Groceries,2024-03-28
HEALTHY PAWS PET INSURAN,91.32,Misc,2024-03-28
MISS SHIRLEYS CAFE ROLAND,194.04,Misc,2024-03-27
CAPITAL ONE MOBILE PYMT,-4672.47,Misc,2024-03-27
TARGET.COM  *,73.49,Target,2024-03-26
WEGMANS OWINGS MILLS #125,585.57,Groceries,2024-03-26
5GUYS 0509 ECOMM,79.71,Misc,2024-03-23
TARGET        00010454,87.98,Target,2024-03-22
FES PTA READ A THON,50.00,Misc,2024-03-20
WAVE - *MOZARTS GYM,220.00,Misc,2024-03-20
WEGMANS OWINGS MILLS #125,357.11,Groceries,2024-03-19
CARTER'S #1272,31.80,Misc,2024-03-18
TAXHAWK.COM,19.07,Misc,2024-03-18
SANTONI'S MARKET,24.20,Groceries,2024-03-18
DSW.,39.74,Misc,2024-03-18
IN *ORGANIC LAWNS OF AMER,152.00,Misc,2024-03-18
AMC 9640 ONLINE,62.00,Misc,2024-03-17
THE WINE POST,27.98,Groceries,2024-03-15
FIRST WATCH - 0087,10.00,Misc,2024-03-16
EL GRAN POLLO MAIN STREE,60.98,Misc,2024-03-15
LOWES #00907*,131.33,Home_Supplies,2024-03-14
CHICK-FIL-A #03678,48.82,Dining,2024-03-12
TARGET        00010454,103.07,Target,2024-03-13
WEGMANS OWINGS MILLS #125,333.07,Groceries,2024-03-12
HOBBY-LOBBY #902,24.41,Misc,2024-03-11
ROYALFARMS #34,40.91,Misc,2024-03-11
APPLE.COM/BILL,-1.65,Misc,2024-03-12
APPLE.COM/BILL,9.99,Misc,2024-03-12
TARGET.COM  *,39.04,Target,2024-03-11
TARGET.COM  *,76.55,Target,2024-03-10
TARGET.COM  *,27.01,Target,2024-03-10
WEIS MARKETS INC 29,28.78,Groceries,2024-03-10
APPLE.COM/BILL,84.79,Misc,2024-03-09
BESTBUYCOM806923670887,35.78,Misc,2024-03-08
SANTONI'S MARKET,17.10,Groceries,2024-03-08
TARGET.COM  *,-31.79,Target,2024-03-07
TARGET        00010454,115.43,Target,2024-03-07
TARGET        00010454,-50.17,Target,2024-03-07
CHICK-FIL-A #03678,34.35,Dining,2024-03-05
MESSIAH UNIVERSITY,2.75,Misc,2024-03-05
WEGMANS OWINGS MILLS #125,326.48,Groceries,2024-03-05
SANTONI'S MARKET,37.29,Groceries,2024-03-04
SUNSET SLUSH,12.71,Misc,2024-03-04
RAISING CANES 0632,49.13,Misc,2024-03-02
LOWES #00568*,237.30,Home_Supplies,2024-03-02
TARGET        00010454,-44.41,Target,2024-02-29
TARGET        00010454,101.63,Target,2024-02-29
